<?xml version="1.0" encoding="UTF-8"?>
<jcr:root xmlns:sling="http://sling.apache.org/jcr/sling/1.0" xmlns:cq="http://www.day.com/jcr/cq/1.0" xmlns:jcr="http://www.jcp.org/jcr/1.0" xmlns:nt="http://www.jcp.org/jcr/nt/1.0"
    jcr:primaryType="cq:Page">
    <jcr:content
        cq:lastModified="{Date}2022-11-17T15:25:16.489+05:30"
        cq:lastModifiedBy="admin"
        cq:template="/conf/wknd/settings/wcm/templates/page-content"
        jcr:primaryType="cq:PageContent"
        jcr:title="Blogs"
        sling:resourceType="wknd/components/page">
        <root
            jcr:primaryType="nt:unstructured"
            sling:resourceType="wknd/components/container"
            layout="responsiveGrid">
            <container
                jcr:primaryType="nt:unstructured"
                sling:resourceType="wknd/components/container"
                layout="responsiveGrid">
                <title
                    jcr:primaryType="nt:unstructured"
                    sling:resourceType="wknd/components/title"/>
                <container
                    jcr:primaryType="nt:unstructured"
                    sling:resourceType="wknd/components/container"
                    layout="responsiveGrid"/>
            </container>
        </root>
    </jcr:content>
    <about-us/>
    <contact-us/>
    <privacy-and-policy/>
    <shahid-ji-ka-idea/>
    <what-is-cms---list-of-cms---aem-cms/>
    <aem-resource-resolver---query-builder---with-use-case-example/>
    <what-is-servlet-in-aem-----types-of-servlet---create-servlet-in-/>
    <what-is-aem---how-to-setup-aem--/>
    <slings-model-and-htl--sightly----slings-model-and-htl-in-aem/>
    <components-in-aem---different-types-of-component-in-aem/>
    <how-to-create-policy-in-aem-----policy-in-aem-2022/>
    <fetch-full-address--latitude-and-longitude-in-android-also-live-/>
    <create-html-string-text-alert-dialog-with-link-clickable-in-andr/>
    <add-dialog-in-any-activity--fragment-in-android--java-/>
</jcr:root>
